Tjänstekategori;Tjänstegrupp;Tjänst;Sign. Tj.Äg;Tj.nr;SV;PV;TV;Produkter/Aktiviteter;Beskrivning;Prismodell;Debiteringsintervall;Pris;Volym;Årsintäkt HK;Tjänsteägare;Processledare;Samverkan;KPI:er;Processbeskrivning (J/N);Processen dokumenterad (J/N)
Praktikerservice;Aktieägarservice;Aktieservice;Ja;;Plus;Plus;Plus;Köp och försäljning av aktier;Ägarregistrering och upprättande av handlingar;Courtage;;;;0;Birgitta Jacobsson;;;;;
Praktikerservice;Aktieägarservice;Aktieägarinformation;Ja;;Bas;Bas;Bas;Information vid uppstart av aktieägarbolag;Information och stöd vi uppstart av aktieägarbolag;Fast avgift per ägare ;;;;0;Erik Grehn;;;;;
Praktikerservice;Aktieägarservice;Aktieägarinformation;Ja;;Bas;Bas;Bas;Information relaterat till aktieägandet;Information i frågor från ägare relaterat till aktieägandet;Fast avgift per ägare;;;;0;Erik Grehn;;;;;
Praktikerservice;Aktieägarservice;Aktieägarinformation;Ja;;Bas;Bas;Bas;Information för deklaration av utdelning och försäljning (K10);Information till aktieägare med upgifter för deklarattion av utdelning och försäljning av aktier ( bilaga K10);Fast avgift per ägare;;;;0;Erik Grehn;;;;;
Praktikerservice;HR;Arbetsrättslig rådgivning;Ja;;Bas;Bas;Bas;Stöd till parktiker i chefrollen;;Fast avgift per anställd;;;;0;Tomas Esping;Åsa Lundqvist;;;;
Praktikerservice;HR;Arbetsrättslig rådgivning vid verksamhetsförändring;Ja;;Bas;Bas;Bas;;;Fast avgift per anställd;;;;0;Tomas Esping;Åsa Lundqvist;;;;
Praktikerservice;HR;Avslut anställning medarbetare;Ja;;Bas;Bas;Bas;Uppsägning av medarbetare pga arbetsbrist;;Fast avgift per anställd;;;;0;Tomas Esping;Åsa Lundqvist;;;;
Praktikerservice;HR;Avslut anställning medarbetare;Ja;;Bas;Bas;Bas;Uppsägning av medarbetare pga personliga skäl;;Fast avgift per anställd;;;;0;Tomas Esping;Åsa Lundqvist;;;;
Praktikerservice;HR;Avslut anställning medarbetare;Ja;;Bas;Bas;Bas;Avsked av medarbetare;;Fast avgift per anställd;;;;0;Tomas Esping;Åsa Lundqvist;;;;
Praktikerservice;HR;Bevakning av viktiga datum personal;Ja;;Bas;Bas;Bas;;;Fast avgift per anställd;;;;0;Tomas Esping;Åsa Lundqvist;;;;
Praktikerservice;Ekonomiservice;Avvikelsehantering Intäktsdagbok;Ja;;Bas;Bas;Bas;;;Fast pris per styck;;;;0;Tomas Esping;Sofie Wallenberg;;;;
Praktikerservice;Ekonomiservice;Banktjänster och customer relations;Ja;;Bas;Bas;Bas;;Tillhandahålla banktjänter enligt marknadsmässiga och konkurrenskraftiga villkor;Fast avgift månad;;;;0;Michael Craas;;;;;
Praktikerservice;Ekonomiservice;Inkasso;Ja;;Bas;Bas;Bas;Inkasso Patientfordringar;Insikt, digitalt formulär;Fast avgift;;;;0;Tomas Esping;Sofie Wallenberg;;;;
Praktikerservice;Ekonomiservice;Inkasso;;;Plus;Plus;Plus;Inkasso Kundfordringar;Insikt, digitalt formulär till Intrum Justitia;Fast pris per styck;;;;0;Sofie Wallenberg;;;;;
Praktikerservice;Ekonomiservice;Interna transaktioner;Ja;;Bas;Bas;Bas;Intern fördelning av intäkter;;Fast pris per styck;;;;0;Tomas Esping;Sofie Wallenberg;;;;
Praktikerservice;Ekonomiservice;Interna transkationer;Ja;;Bas;Bas;Bas;Intern fördelning av kostnader;;Fast pris per styck;;;;0;Tomas Esping;Maria Thor;;;;
Praktikerservice;Ekonomiservice;Intäktsredovisning Formulär;Ja;;Bas;Bas;-;Redovisa intäkter, Webb PV, SV;Insikt, digitalt formulär;Fast pris per månad;;;;0;Tomas Esping;Sofie Wallenberg;;;;
Praktikerservice;Ekonomiservice;Intäktsredovisning Formulär;Ja;;-;-;Plus;Redovisa intäkter, Webb TV      ;Insikt, digitalt formulär;Fast pris per månad;;;;0;Tomas Esping;Sofie Wallenberg;;;;
Praktikerservice;Ekonomiservice;Intäktsredovisning Formulär;Ja;;-;-;Bas;Redovisa intäkt, Alma                 ;PDF;Fast pris per månad;;;;0;Tomas Esping;Sofie Wallenberg;;;;
Praktikerservice;Ekonomiservice;Intäktsredovisning Filöverföring;Ja;;-;-;Bas;Redovisa intäkt Opus             ;Filöverföring;Fast pris per månad;;;;0;Tomas Esping;Sofie Wallenberg;;;;
Praktikerservice;Ekonomiservice;Intäktsredovisning Filöverföring;Ja;;-;-;Bas;Redovisa Intäkt Frenda           ;Filöverföring;Fast pris per månad;;;;0;Tomas Esping;Sofie Wallenberg;;;;
Praktikerservice;Ekonomiservice;Support Intäktsredovisning;Ja;;Bas;Bas;Bas;Support intäktsredovisning;Hjälp med frågor avseende intäktsredovisning;Fast pris per månad;;;;0;Tomas Esping;Sofie Wallenberg;;;;
Praktikerservice;Ekonomiservice;Inventarieredovisning;Ja;;Bas;Bas;Bas;Hantera versamhetens tillgångar i Anläggningsregister;Registreing, bevakning och utrangering samt avskrivningar av inventarier;Fast avgift;;;;0;Birgitta Jacobsson;;;;;
Praktikerservice;Ekonomiservice;Kassan - hantering likvida medel (kontohantering);;;Bas;Bas;Bas;;Diskuteras med Carina och Thomas;Fast pris per månad;;;;0;Tomas Esping;;;;;
;;Support Kostnadsredovisning;Ja;;Bas;Bas;Bas;Support kostnadsredovisning;;;;;;0;;;;;;
Praktikerservice;Ekonomiservice;Kundfaktura;Ja;;Bas;Bas;Bas;Faktureringstjänst med fakturering av verksamhetens kunder;;Fast pris per styck;;;;0;Tomas Esping;Sofie Wallenberg;;;;
Praktikerservice;Ekonomiservice;Kursansökan;Ja;;Bas;Bas;Bas;Behandling av kursansökan för verksamhetens ansvariga och anställda;;Fast pris per styck;;;;0;Tomas Esping;Maria Thor;;;;
Praktikerservice;Ekonomiservice;Leverantörsfaktura;Ja;;Bas;Bas;Bas;Hantering av verksamhetens leverantörsfakturor;;Fast pris per styck;;;;0;Tomas Esping;Maria Thor;;;;
Praktikerservice;Ekonomiservice;Månadsrapport;Ja;;Bas;Bas;Bas;Produktion av månadsrapport i månadsbokslut;Månadsrapport med ekonomisk översikt, rapporter samt trend och analys av verksamhetens ekonomi på Insikt;Fast pris per månad;;;;0;Birgitta Jacobsson;;;;;
Praktikerservice;Ekonomiservice;Månadsrapport;;;Bas;Bas;Bas;Support Månadsrapport;Hantera frågor relaterat till innehåll;Fast pris per månad;;;;0;Tomas Esping;;;;;
Praktikerservice;Ekonomiservice;Utredning intäktsredovsning;Ja;;Bas;Bas;Bas;;;Fast pris per timme;;;;0;Tomas Esping;Sofie Wallenberg;;;;
Praktikerservice;Ekonomiservice;Utredning kostnadsredovisning;;;Bas;Bas;Bas;;;;;;;0;;;;;;
Praktikerservice;Ekonomiservice;Vidarefakturering;Ja;;Plus;Plus;Plus;Vidarefakturering intäkter;Vidarefakturering av intäkter till extern part(delad verksamhet);Fast pris per styck;;;;0;Tomas Esping;Sofie Wallenberg;;;;
Praktikerservice;Ekonomiservice;Vidarefakturering;Ja;;Plus;Plus;Plus;Vidarefakturering kostnader;;Fast pris per styck;;;;0;Tomas Esping;Maria Thor;;;;
Företagsgemensamt;Fastighet;Fastighetsförvatlning;Ja;;Bas;Bas;Bas;Fastighetsförvärv;;Fast pris per månad;;;;0;Jenny Persson;;;;;
Företagsgemensamt;Fastighet;Fastighetsförvatlning;Ja;;Bas;Bas;Bas;Fastighetsförsäljningar;;Fast pris per månad;;;;0;Jenny Persson;;;;;
Företagsgemensamt;Fastighet;Fastighetsförvatlning;Ja;;Bas;Bas;Bas;Fastighetsförvaltning;;Fast pris per månad;;;;0;Jenny Persson;;;;;
Företagsgemensamt;Fastighet;Fastighetsförvatlning;Ja;;Bas;Bas;Bas;Strategiskt fastighetssupport;Bevakning av gällande lagar och förordningar;Fast pris per månad;;;;0;;;;;;
Företagsgemensamt;Fastighet;Fastighetsförvatlning;Ja;;Bas;Bas;Bas;Fastighetsförvaltning HK;;Fast pris per månad;;;;0;;;;;;
Praktikerservice;Fastighet;Hyresavtal;Ja;;Plus;Plus;Plus;Upprätta hyresavtal;;Fast pris per timme;;;;0;Jenny Persson;;;;;
Praktikerservice;Fastighet;Hyresavtal;Ja;;Bas;Bas;Bas;Hyresavtalsbevakning;;Fast avgift per månad;;;;0;Jenny Persson;;;;;
Praktikerservice;Fastighet;Hyresavtal;Ja;;Plus;Plus;Plus;Granskning av hyresavtal;;Fast pris per timme;;1 000 kr;1000;1000000;Jenny Persson;;;;;
Praktikerservice;Fastighet;Hyresavtal;Ja;;Plus;Plus;Plus;Uppsägning hyresavtal;;Fast pris per timme;;1 000 kr;;0;Jenny Persson;;;;;
Praktikerservice;Fastighet;Hyresavtal;Ja;;Plus;Plus;Plus;Förhandling hyresavtal;;Fast pris per timme;;1 000 kr;;0;Jenny Persson;;;;;
Praktikerservice;Fastighet;Lokalanpassning;Ja;;Plus;Plus;Plus;Rådgivning lokalanpassningar;;Fast pris per timme;;1 000 kr;;0;Jenny Persson;;;;;
Praktikerservice;Fastighet;Lokalanpassning;Ja;;Plus;Plus;Plus;Lokalsök;;Fast pris per timme;;1 000 kr;;0;Jenny Persson;;;;;
Praktikerservice;Fastighet;Lokalanpassning;Ja;;Plus;Plus;Plus;Granska handlingar och säkerställa kravställning på lokal;;Fast pris per timme;;1 000 kr;;0;Jenny Persson;;;;;
Praktikerservice;Fastighet;Lokalanpassning;Ja;;Plus;Plus;Plus;Upphandlar projektledare, konsulter, entreprenörer. ;;Fast pris per timme;;1 000 kr;;0;Jenny Persson;;;;;
Praktikerservice;Fastighet;Lokalanpassning;Ja;;Plus;Plus;Plus;Rådgivning kring finansieringsalternativ lokalanpassningar;;Fast pris per timme;;1 000 kr;;0;Jenny Persson;;;;;
Praktikerservice;Fastighet;Lokalanpassning;Ja;;Plus;Plus;Plus;Beställare/hyresgästrepresentant vid ombyggnationer;;Fast pris per timme;;1 000 kr;;0;Jenny Persson;;;;;
Praktikerservice;Fastighet;Rådgivning lokaler;Ja;;Plus;Plus;Plus;Rådgivning i momsfrågor för lokaler;;Fast pris per timme;;1 000 kr;;0;Jenny Persson;;;;;
Praktikerservice;Fastighet;Rådgivning lokaler;Ja;;Plus;Plus;Plus;Allmän rådgivning lokalfrågor;;Fast pris per timme;;1 000 kr;;0;Jenny Persson;;;;;
Praktikerservice;Fastighet;Tvister lokalfrågor;Ja;;Plus;Plus;Plus;Tvistehantering fastighetägare;;Fast pris per timme;;1 000 kr;;0;Jenny Persson;;;;;
Praktikerservice;Fastighet;Tvister lokalfrågor;Ja;;Plus;Plus;Plus;Tvisteärenden hyresnämnden;;Fast pris per timme;;1 000 kr;;0;Jenny Persson;;;;;
Praktikerservice;Försäkring;Försäkring för anställda;;;Bas;Bas;Bas;Sjukdom, olycksfall m.m.;;Premie ;;;;0;Michael Ringdahl;;;;;
Praktikerservice;Försäkring;Försäkring för egendom;;;Bas;Bas;Bas;Brand, Skadegörelse, Vattten, Inbrott m.m.;;Premie;;;;0;Michael Ringdahl;;;;;
Företagsgemensamt;HR;Koncerngemensam HR;Ja;;Bas;Bas;Bas;Rekrytering ;Rekrytering av medarbetare, chefer till HK. Ta fram, implementera, förvalta/utveckla process och ;Fast pris per månad;;;;0;Klas Wahlström;;;;;
Företagsgemensamt;HR;Koncerngemensam HR;Ja;;Bas;Bas;Bas;Onboarding ;Onboarding av medarbetare, chefer & praktiker: Ta fram, implementera, förvalta/utveckla process;Fast pris per månad;;;;0;Klas Wahlström;;;;;
Företagsgemensamt;HR;Koncerngemensam HR;Ja;;Bas;Bas;Bas;Ledarutvärdering;Bakgrundskontroller, tester, ledaranalys;Fast pris per månad;;;;0;Klas Wahlström;;;;;
Företagsgemensamt;HR;Koncerngemensam HR;Ja;;Bas;Bas;Bas;Medarbetarundersökning;Strategi Utveckling, implementering, utvärdering Projektledning & samordning Handledning;Fast pris per månad;;;;0;Klas Wahlström;;;;;
Företagsgemensamt;HR;Koncerngemensam HR;Ja;;Bas;Bas;Bas;Lönerevision HK;Utbildning för chefer inför lönerevision Beställ revisions funktionalitet i HR+ Stöd till chefer Uppföljning, statistik;Fast pris per månad;;;;0;Klas Wahlström;;;;;
Företagsgemensamt;HR;Koncerngemensam HR;Ja;;Bas;Bas;Bas;Mål-och utvecklingsdialog HK;Utbildning av chefer inför M0U-dialog Stöd till chefer ;Fast pris per månad;;;;0;Klas Wahlström;;;;;
Företagsgemensamt;HR;Koncerngemensam HR;Ja;;Bas;Bas;Bas;Facklig förhandling HK;MBL,omorgansiation, uppsägningar, et.c. Inhämta uppdrag till förhandling Kalla till förhandling/ svara på framställan Förbereda förhandling Genomföra förhandling Dokumentera resultat av förh. Kommunicera resultat;Fast pris per månad;;;;0;Klas Wahlström;;;;;
Företagsgemensamt;HR;Koncerngemensam HR;Ja;;Bas;Bas;Bas;Pensionslösning ägare;Utveckling av pensionskonceptet Expertrådgivning Förvalta pensionskonceptet;Fast pris per månad;;;;0;Klas Wahlström;;;;;
Företagsgemensamt;HR;Koncerngemensam HR;Ja;;Bas;Bas;Bas;Personalbokslut;Lägger beställning av underlag Sammanställning till M&K;Fast pris per månad;;;;0;Klas Wahlström;;;;;
Företagsgemensamt;HR;Koncerngemensam HR;Ja;;Bas;Bas;Bas;Koncernövergripande HR-policies;Ta fram/utveckla Bevaka/underhålla Uppdatera Informera och utbilda;Fast pris per månad;;;;0;Klas Wahlström;;;;;
Företagsgemensamt;HR;Koncerngemensam HR;Ja;;Bas;Bas;Bas;Personalrelaterad risk och säkerhet;Bakgrundskontroller, stöd vid svåra individärenden, stödvid hot & våld, förberedande utredningar vid misstanke om brott;Fast pris per månad;;;;0;Klas Wahlström;;;;;
Företagsgemensamt;HR;Koncerngemensam HR;Ja;;Bas;Bas;Bas;Uppsägning/Avsked av medarbetare HK;Stöd till ansvarig chef Analys och bedömning Kontakta förhandlingschef Administrerar uppsägningar;Fast pris per månad;;;;0;Klas Wahlström;;;;;
Företagsgemensamt;HR;Koncerngemensam HR;Ja;;Bas;Bas;Bas;Arbetsrättslig rådgivning HK;Stöd till ansvariga chefer i sitt chefskap att hantera personalsituationer och organisationsförändringar på ett arbetsrättsligt korrekt sätt;Fast pris per månad;;;;0;Klas Wahlström;;;;;
Företagsgemensamt;HR;Koncerngemensam HR;Ja;;Bas;Bas;Bas;Personalutredning HK;Utreder, kartlägger och bedömer stödbehov vid uppkomna situationer i medarbetargrupp;Fast pris per månad;;;;0;Klas Wahlström;;;;;
Företagsgemensamt;HR;Koncerngemensam HR;Ja;;Bas;Bas;Bas;Konflikthantering & krisstöd HK;Hjälp och stöd vid konflikter och kriser;Fast pris per månad;;;;0;Klas Wahlström;;;;;
Företagsgemensamt;HR;Koncerngemensam HR;Ja;;Bas;Bas;Bas;Coachning i chefsrollen HK;Coaching till chefer som behöver stöd i sitt chefskap, både i form av konkreta råd och gällande strategier och förhållningssätt;Fast pris per månad;;;;0;Klas Wahlström;;;;;
Företagsgemensamt;HR;Koncerngemensam HR;Ja;;Bas;Bas;Bas;Rehabilitering medarbetare HK;Stöd till ansvarig chef;Fast pris per månad;;;;0;Klas Wahlström;;;;;
Företagsgemensamt;HR;Koncerngemensam HR;Ja;;Bas;Bas;Bas;Rehabilitering praktiker HK;Stöd till affärscoacher. Rehabutredning och framtagning rehabplan för praktiker;Fast pris per månad;;;;0;Klas Wahlström;;;;;
Praktikerservice;HR;Chefs- och medarbetarhandbok;Ja;;Bas;Bas;Bas;;;Fast avgift per anställd;;;;0;Tomas Esping;Åsa Lundqvist;;;;
Praktikerservice;HR;Coachning i chefsrollen;Ja;;Bas;Bas;Bas;;;Fast avgift per anställd;;;;0;Tomas Esping;Åsa Lundqvist;;;;
Praktikerservice;Bil;Drivmedelskort;Ja;;Plus;Plus;Plus;Skaffa drivmedelskort;;Fast pris per månad;;;;0;Tomas Esping;Erika Östlund;;;;
Praktikerservice;Bil;Drivmedelskort;Ja;;Plus;Plus;Plus;Avsluta drivmedelskort;;Fast pris per månad;;;;0;Tomas Esping;Erika Östlund;;;;
Praktikerservice;HR;Fackliga förhandlingar inför verksamhetsförändring;Ja;;Bas;Bas;Bas;;;Fast avgift per anställd;;;;0;Tomas Esping;Åsa Lundqvist;;;;
Praktikerservice;Bil;Förmånsbil/Firmabil;Ja;;Plus;Plus;Plus;Köpa förmånsbil/firmabil;;Fast pris per månad;;;;0;Tomas Esping;Erika Östlund;;;;
Praktikerservice;Bil;Förmånsbil/Firmabil;Ja;;Plus;Plus;Plus;Avsluta förmånsbil/firmabil;;Fast pris per månad;;;;0;Tomas Esping;Erika Östlund;;;;
Praktikerservice;Bil;Förmånsbil/Firmabil;Ja;;Plus;Plus;Plus;Utköp förmånsbil/firmabil;;Fast pris per månad;;;;0;Tomas Esping;Erika Östlund;;;;
Praktikerservice;Bil;Förmånsbil/Firmabil;Ja;;Plus;Plus;Plus;Administrera förmånsbil/firmabil;Bevaka besiktningar, obetalda p-böter, körjournal (firmabil) ;Fast pris per månad;;;;0;Tomas Esping;Erika Östlund;;;;
Praktikerservice;HR;HR-direkt;Ja;;Bas;Bas;Bas;;Grundläggande rådgivning via telefon och mail kring arbetsrätt, rekrytering, samarbetsfrågor, lönesättning, lönebildning, lönepolicy, rehabilitering, avveckling av personal, övergång av verksamhet, tolkning och tillämpning i frågor som rör anställningsvillkor, lagar och avtal.;Fast avgift per anställd;;;;0;Tomas Esping;Åsa Lundqvist;;;;
Praktikerservice;HR;Intyg anställd/praktiker;Ja;;Bas;Bas;Bas;Utfärda Intyg (tex Arbetsgivarintyg, Tjänstgöringsintyg, samt bekräfta tjänstgöringsuppgifter till AFA, FK mm);;Fast avgift per anställd;;;;0;Tomas Esping;Shqiponje Ferati;;;;
Praktikerservice;HR;Konflikthantering & krisstöd personal;Ja;;Bas;Bas;Bas;;;Fast avgift per anställd;;;;0;Tomas Esping;Åsa Lundqvist;;;;
Praktikerservice;HR;Lönetjänst;Ja;;Bas;Bas;Bas;Personalanmälan;;Fast avgift per anställd;;;;0;Tomas Esping;Shqiponje Ferati;;;;
Praktikerservice;HR;Lönetjänst;Ja;;Bas;Bas;Bas;Utbetalning av lön och ersättningar samt löneförmåner;;Fast avgift per lönespec;;;;0;Tomas Esping;Shqiponje Ferati;;;;
Praktikerservice;HR;Lönetjänst;Ja;;Bas;Bas;Bas;Körjournal;;Fast avgift per lönespec;;;;0;Tomas Esping;Shqiponje Ferati;;;;
Praktikerservice;HR;Lönetjänst;Ja;;Bas;Bas;Bas;Handlägga lönejustering;;Fast avgift per lönespec;;;;0;Tomas Esping;Shqiponje Ferati;;;;
Praktikerservice;HR;Lönetjänst;Ja;;Bas;Bas;Bas;Handlägga Frånvaro (Föräldrarledig, Semester, Sjukfrånvaro, Tjänstledighet);;Fast avgift per anställd;;;;0;Tomas Esping;Shqiponje Ferati;;;;
Praktikerservice;HR;Lönetjänst;Ja;;Bas;Bas;Bas;Handläggga löneutmätning enligt beslut från Kronofogden;;Fast avgift per anställd;;;;0;Tomas Esping;Shqiponje Ferati;;;;
Praktikerservice;HR;Lönetjänst;Ja;;Bas;Bas;Bas;Rekvivering av lönebidrag, anst.stöd mm;;Fast avgift per anställd;;;;0;Tomas Esping;Shqiponje Ferati;;;;
Praktikerservice;HR;Lönetjänst;Ja;;Bas;Bas;Bas;Support lönefrågor;;Fast avgift per anställd;;;;0;Tomas Esping;Shqiponje Ferati;;;;
Praktikerservice;HR;Lönetjänst;Ja;;Bas;Bas;Bas;Löneredovisning vid bruttolöneavdrag;;Fast avgift per anställd;;;;0;Tomas Esping;Shqiponje Ferati;;;;
Praktikerservice;HR;Lönetjänst;Ja;;Bas;Bas;Bas;Kontoavstämningar;;Fast avgift per anställd;;;;0;Tomas Esping;Shqiponje Ferati;;;;
Praktikerservice;HR;Lönetjänst;Ja;;Bas;Bas;Bas;Redovisning av arbetsgivardeklaration & kontrolluppgifter samt betalning av skatter och avgifter;;Fast avgift per anställd;;;;0;Tomas Esping;Shqiponje Ferati;;;;
Praktikerservice;HR;Lönetjänst - Direktutbetalning till anställd;Ja;;Plus;Plus;Plus;Tilläggsdebitering för direktutbetalning av lön/ersättning till anställd;;Fast pris per styck;;;;0;Tomas Esping;Shqiponje Ferati;;;;
Praktikerservice;HR;Lönetjänst - Extrautbetalning till anställd;Ja;;Plus;Plus;Plus;Tilläggsdebitering för extra utbetalning av lön/ersättning till anställd;;Fast pris per styck;;;;0;Tomas Esping;Shqiponje Ferati;;;;
Praktikerservice;HR;Lönetjänst - utredning;Ja;;Bas;Bas;Bas;Utredningar;;Fast avgift per anställd;;;;;Tomas Esping;Shqiponje Ferati;;;;
Praktikerservice;HR;Lönetjänst medarbetare lönerevision;Ja;;Bas;Bas;Bas;Stöd vid lönesättning i samband med lönerevision;;Fast avgift per anställd;;;;0;Tomas Esping;Shqiponje Ferati;;;;
Praktikerservice;HR;Lönesättning medarbetare utanför lönerevision;Ja;;Bas;Bas;Bas;Stöd vid lönesättning utanför lönerevision.;;Fast avgift per anställd;;;;0;Tomas Esping;Shqiponje Ferati;;;;
Praktikerservice;Pension;Pension anställda;;;Bas;Bas;Bas;Tjänstepension anställda ;Administration av tjänstepension för anställda och före detta anställda (ITP-planen och Avtalspension SAF-LO);Påslag på sociala avgifter;;;;;Tomas Esping;Björn Folke;;;;
Praktikerservice;Pension;Pension praktiker - Bas;;;Bas;Bas;Bas;Obligatorisk tjänstepension praktiker PTP;Administration av obligatorisk tjänstepension för anställda och före detta anställda praktiker (PTP-planen och ensidiga arbetsgivarutfästelser);Påslag på sociala avgifter;;;;;Tomas Esping;Björn Folke;;;;
Praktikerservice;Pension;Pension praktiker - Bas;;;Bas;Bas;Bas;Frivillig tjänstepension Pratiker Reglemente I&II;Administration av frivillig tjänstepension för anställda och före detta anställda praktiker (Reglemente I&II);Påslag på sociala avgifter;;;;;Tomas Esping;Björn Folke;;;;
Praktikerservice;Pension;Pension praktiker- Bas;;;Bas;Bas;Bas;FÅP;"Administration av frivillig överenskommelse om förtida ålderspension; FÅP, för anställda och före detta praktiker";Påslag på sociala avgifter;;;;;Tomas Esping;Björn Folke;;;;
Praktikerservice;Pension;Pension praktiker- Bas;;;Bas;Bas;Bas;Obligatorisk tjänstepension för anställda och före detta anställda praktiker (3P);Administration av obligatorisk tjänstepension för anställda och före detta anställda praktiker (3P);Påslag på sociala avgifter;;;;;Tomas Esping;Björn Folke;;;;
Praktikerservice;Pension;Pension praktiker- Bas;;;Bas;Bas;Bas;Information/rådgivning 3P Bas;Information/rådgivning vid nyanställning, förändrad familjesituation och pensionsavgång för praktiker som omfattas av 3P;Påslag på sociala avgifter;;;;;Tomas Esping;Björn Folke;;;;
Praktikerservice;Pension;Frivillig förtida ålderspension;;;Plus;Plus;Plus;Frivillig förtida ålderspension med omedelbar avdragsrätt för bolaget;Utredning och handläggning av frivillig förtida ålderspension med omedelbar avdragsrätt för bolaget;Rörlig avgift med tak;;0,5% av premien max 500 kr;;;Tomas Esping;Björn Folke;;;;
Praktikerservice;Pension;Förmånsbestämd direktpension;;;Plus;Plus;Plus;Förmånsbestämd direktpension;Utredning och handläggning av förmånsbestämd direktpension, säkerställd genom skuldföring för anställda och före detta praktiker;Rörlig avgift med tak;;2% på avsatt kapital max 20 000 kr;;;Tomas Esping;Björn Folke;;;;
Praktikerservice;Pension;Fivillig extra ålderspension;;;Plus;Plus;Plus;Frivillig extra ålderspension (direktpension) säkerställd med företagsägd kapitalförsäkring med avdragsrätt för bolaget vid utbetalning av pensionen;Utredning och hantering av frivillig extra ålderspension (direktpension) säkerställd med företagsägd kapitalförsäkring med avdragsrätt för bolaget vid utbetalning av pensionen;Rörlig avgift med tak;;0,5% av premien max 500 kr;;;Tomas Esping;Björn Folke;;;;
Praktikerservice;Pension;Pensionsrådgivning;;;Plus;Plus;Plus;Information/rådgivning av annat skäl än nyanställning, förändrad familjesituation och pensionsavgång för praktiker som omfattas av 3P samt samtliga praktiker som enbart omfattas av PTP;Information/rådgivning av annat skäl än nyanställning, förändrad familjesituation och pensionsavgång för praktiker som omfattas av 3P samt samtliga praktiker som enbart omfattas av PTP;Fast pris per styck;;3 000 kr;400;1 200 000 kr;Tomas Esping;Björn Folke;;;;
Praktikerservice;HR;Rekrytering medarbetare Bas;Ja;;Bas;Bas;Bas;Rådgivning och stöd vid rekrytering;;Fast avgift per anställd;;;;0;Tomas Esping;Åsa Lundqvist;;;;
Praktikerservice;HR;Rekrytering medarbetare Bas;Ja;;Bas;Bas;Bas;Introduktionsprogram nya medarbetare;;Fast avgift per anställd;;;;0;Tomas Esping;Åsa Lundqvist;;;;
Praktikerservice;HR;Rekrytering medarbetare Plus;Ja;;Plus;Plus;Plus;Genomförande av rekryteringsprocess för enskild verksamhet;;Fast avgift per anställd;;;;0;Tomas Esping;Åsa Lundqvist;;;;
Praktikerservice;HR;Rådgivning rehab medarbetare;Ja;;Bas;Bas;Bas;;;Fast avgift per anställd;;;;0;Tomas Esping;Åsa Lundqvist;;;;
Företagsgemensamt;HR;Uppföljningar, statistik personal;Ja;;Bas;Bas;Bas;;;Fast avgift per anställd;;;;0;Klas Wahlström;;;;;
Praktikerservice;HR;Utbildning personalwebben;Ja;;Bas;Bas;Bas;;;Fast avgift per anställd;;;;0;Tomas Esping;Shqiponje Ferati;;;;
Praktikerservice;HR;Utredningar & kartläggningar personal i verksamheter;Ja;;Plus;Plus;Plus;;;Fast avgift per anställd;;;;0;Tomas Esping;Åsa Lundqvist;;;;
Praktikerservice;Inköpstjänster;Centralupphandling;Ja;;Bas;Bas;Bas;;Genomföra centrala upphandlingar och ge enheter tillgång till dessa avtal;Fast pris per månad;;;;0;Göran Adamsson;;;;;
Praktikerservice;Inköpstjänster;Centralupphandling;Ja;;Bas;Bas;Bas;Travel management ;Resetjänst;Fast pris per månad;;;;0;Göran Adamsson;;;;;
Praktikerservice;Inköpstjänster ;Inköpssupport centralt upphandlade avtal;Ja;;Bas;Bas;Bas;;Stöd i frågor med leverantör vid köp på centralt upphandlade avtal;Fast pris per timme;;;;0;Göran Adamsson;;;;;
Praktikerservice;Inköpstjänster ;Inköpssupport ej centralt upphandlade avtal;Ja;;Plus;Plus;Plus;;Stöd i frågor med leverantör vid köp för ej centralt upphandlade avtal;Fast pris per timme;;1 000 kr;?;#VÄRDEFEL!;Göran Adamsson;;;;;
Aktieägarskydd;IT-tjänster;Informations- och personuppgiftssäkerhet;Ja;;Bas;Bas;Bas;;Säkerställer funktion och efterlevnad i IT-system för den koncerngemensamma IT-leveransen;Fast avgift per ägare;;;;;Anders Hedenros;;;;;
Företagsgemensamt;IT-Tjänster;BI (Business Intellegence);Ja;;Bas;Bas;Bas;Månadsrapport, Kvalitetsbokslut, gemensamma ekonomi- och produktions- rapporter.;Stödfunktion till koncernens affärsverksamhet med IT-relaterad kompetens inom affärsanalys. Leverans av arkitektur, test, implementation.Framtagande av rapporter och förvaltning av BI-verktyg. ;Fast pris per månad;;;;;Leif Augustsson;;;;;
Företagsgemensamt;IT-Tjänster;Koncerngemensam IT;Ja;;Bas;Bas;Bas;IT-serverdrift ;Server, minne, disk, operativsystem, virusskydd, backup, åtkomst och en lämplig servicenivå (SLA).;Fast pris per månad;;;;0;Pär Hårdberg;;;;;
Företagsgemensamt;IT-Tjänster;Koncerngemensam IT;Ja;;Bas;Bas;Bas;TESS Arbetsplatsdrift ;Infrastruktur för arbetsplatsdrift.Tjänsten omfattar dator, och i förekomande fall dockningsstation, bildskärm, tangentbord och mus. Tjänsten omfattar även operativsystem, virusskydd, internet, mail/kalender och standardapplikationer. Tjänsten omfattar även säker åtkomst, hemkatalog och gemensamma kataloger som säker-hetskopieras, central säkerhets-uppdatering, central programdistribution,  support och service på plats samt 36 månaders livcykelhantering. ;Fast pris per månad;;870 kr;1008;876960;Pär Hårdberg;;;;;
Företagsgemensamt;IT-Tjänster;Koncerngemensam IT;Ja;;Bas;Bas;Bas;IT-nätdrift  ;Nätverksanslutning till Praktikertjänst och internet för data och telefoni med lämplig servicenivå (SLA);Fast pris per månad;;;;0;Pär Hårdberg;;;;;
Företagsgemensamt;IT-Tjänster;Koncerngemensam IT;Ja;;Bas;Bas;Bas;Integrationer;Arkitektur/strategi och produktionlösning för infrastruktur i leveransplattformen;Fast pris per månad;;;;0;Pär Hårdberg;;;;;
Företagsgemensamt;IT-Tjänster;Koncerngemensam IT;Ja;;Bas;Bas;Bas;Katalogtjänst;Livscykel för Användarkonto (IAM) till den koncerngemensamma tjänsteleveransen , med bl.a. underlag till eTjänstekort (HSA).E-postadress. Information på1177.se enligt affärlogik.Underlag till behörighetshantering. viss Informationsförsörjning till Intranät och Koncernwebb;Fast pris per månad;;;;0;Pär Hårdberg;;;;;
Företagsgemensamt;IT-Tjänster;Koncerngemensam IT;Ja;;Bas;Bas;Bas;Applikationsutveckling och förvaltning;Vidareutveckling i befintliga system/applikationer och stöd i att upphandla, sätta upp och konfigurera nya system/applikationer utifrån verksamhetsnytta.;Fast pris per månad;;;;0;Anna Blom;;;;;
Företagsgemensamt;IT-Tjänster;Koncerngemensam IT;Ja;;Bas;Bas;Bas;Växeltjänst;Tjänsten omfattar Telefoniväxel-funktioner från vår leverantör Tele2. ;Fast pris per månad;;;;0;Pär Hårdberg;;;;;
;;Praktikerservice;Ja;;Plus;Plus;Plus;Växeltjänst verksamhet;Tjänsten omfattar Telefoniväxel-funktioner från vår leverantör Tele2. ;Enligt offert;;;;0;Pär Hårdberg;;;;;
Företagsgemensamt;IT-Tjänster;Koncerngemensam IT;Ja;;Bas;Bas;Bas;Inloggningsportal;SingleSignOn (SSO), Säkerhet vid autentisering (LOA) & Spårbarhet (SIEM);Fast pris per månad;;;;0;Pär Hårdberg;;;;;
Företagsgemensamt;IT-Tjänster;Koncerngemensam IT;Ja;;Bas;Bas;Bas;HSA/EK administration;En katalogtjänst för att ge våra medarbetare rättigheter i journalsystem samt till gång till Inera AB's stödsystem samt grund för 1177 tjänsten. ;Fast pris per månad;;;;0;Pär Hårdberg;;;;;
Praktikerservice;IT-tjänster;E-tjänstekort;Ja;;Plus;Plus;Plus;E-tjänstkort Tandvård SLL och Frenda;Praktikertjänst E-Tjänstekort till tandvårdpersonal (inom SLL) även för dem som använder FRENDA.;Fast pris per styck;;550 kr;;1800000;Tomas Esping;Joen Hägglöf;;;;
Praktikerservice;IT-tjänster;E-tjänstekort;Ja;;Plus;Plus;Plus;E-tjänstekort Telia;Telias E-Leg som används utanför SLL för både tandvård och hälso & sjukvård.;Fast pris per styck;;495 kr;;0;Tomas Esping;Joen Hägglöf;;;;
Praktikerservice;IT-tjänster;E-tjänstekort;Ja;;Plus;Plus;Plus;E-tjänstekort Hälso-&Sjukvård SLL;SLL’s E-tjänstekort som utfärdas på Praktikertjänst uppdrag.;Fast pris per styck;;1 000 kr;;0;Tomas Esping;Joen Hägglöf;;;;
Praktikerservice;IT-tjänster;E-tjänstekort;Ja;;Plus;Plus;Plus;Reservkort för alla verksamheter (giltigt max 3 månader);Tjänsten omfattar att aktivera och lämna ut reservkort enligt rutin.;Fast pris per styck;;200 kr;;0;Tomas Esping;Joen Hägglöf;;;;
;;FunktionsCertifikat;Ja;;Bas;Bas;Bas;Beställa FunktionsCertifikat;;;;;;0;;;;;;
;;FunktionsCertifikat;Ja;;Bas;Bas;Bas;Förnya Funktionscertifikat;;;;;;0;;;;;;
;;FunktionsCertifikat;Ja;;Bas;Bas;Bas;Avsluta Funktionscertifikat;;;;;;0;;;;;;
Praktikerservice;IT-tjänster;E-tjänstekort;Ja;;Plus;Plus;Plus;Avsluta E-tjänstekort;Tjänsten omfattar att avregistrera e-tjänstekortet i SITHS och genomförs centralt.;Fast pris per styck;;;;0;;;;;;
Praktikerservice;IT-tjänster;IT Konsult;Ja;;Plus;Plus;Plus;Installalationer, utbildning, projektledning;;Fast pris per timme;;650 kr;1000;650000;Pär Hårdberg;;;;;
Praktikerservice;IT-tjänster;IT support Bas;Ja;;Bas;Bas;Bas;;"Tjänsten ""first line support"" ingår i TESS arbetsplats. ";Fast pris per månad ;;;;0;Tomas Esping;Joen Hägglöf;;;;
Praktikerservice;IT-tjänster;IT support Plus;Ja;;Plus;Plus;Plus;;Support på plats i verksamheten;Fast pris per timme;;650 kr;;0;;;;;;
Praktikerservice;IT-tjänster;IT-Backup och restore;Ja;;Plus;Plus;Plus;PTJ Backup och restore;Tjänsten omfattar att ta backup på lokala journal- och röntgensystem.;Fast pris per månad ;;;;2 500 000;Pär Hårdberg;;;;;
;;;;;;;;;;;;;;0;;;;;;
Affärsrådgivning;Juridik;Affärsjuridiskt avtalsstöd;Ja;;Plus;Plus;Plus;Avtalsstöd för uppdrag och nyttjanderätter;Juridiskt stöd avseende kostnadsställen vid hantering av avtal, prissättning, förnyelse av avtal för konsultuppdrag, nyttjande av annan praktikers verksamhet, lokal, utrustning m.m. (Lokalfrågor hanteras primärt av Fastighet.);Fast pris per timme- minimidebitering;;1500;;0;Mikael Holtzberg;;;;;
Affärsrådgivning;Juridik;Affärsjuridisk rådgivning ;Ja;;Plus;Plus;Plus;Allmän affärsjuridisk rådgivning;Allmän affärsjuridisk rådgivning avseende kostnadsställens affärsavtal, tvister m.m., inklusive instruktion och styrning av eventuella av Praktikertjänst anlitade externa konsulter.;Fast pris per timme- minimidebitering;;1500;;0;Mikael Holtzberg;;;;;
Aktieägarskydd;Juridik;Juridisk styrning och uppföljning;Ja;;Bas;Bas;Bas;Styrning och uppföljning av koncerninterna policys och avtal samt verksamhetsfrågor inom koncernen;Utformande av koncerninterna policys för juridik och aktieägarskydd samt styrning och uppföljning av koncerninterna juridiska verksamhets- och policyfrågor.  ;Fast avgift per ägare;;;;0;Mikael Holtzberg;;;;;
Aktieägarskydd;Juridik;Juridisk styrning och uppföljning;Ja;;Bas;Bas;Bas;Säkerställande av aktieägarvärden;Löpande (ibland reaktiv) riskhantering och säkerställande av aktieägarvärden inom koncernen ur ett juridiskt perspektiv i händelse av t.ex. lag- eller avtalsbrott, tvister, domstolsprocesser, krav samt angrepp på koncernens tillgångar och värden.;Fast avgift per ägare;;;;0;Mikael Holtzberg;;;;;
Aktieägarskydd;Juridik;Juridisk styrning och uppföljning;Ja;;Bas;Bas;Bas;Informations-, patientdata- och personuppgiftsjuridik;Hantering av svårare juridiska frågeställningar och regulatoriska frågor kring informationssäkerhet, informationshantering inom vården och personuppgiftsbehandling etc. som inte kan hanteras av övriga staber inom kvalitets- och informationssäkerhetsarbetet.;Fast avgift per ägare;;;;0;Mikael Holtzberg;;;;;
Aktieägarskydd;Juridik;Ansvarskommitté;Ja;;Bas;Bas;Bas;;Riktlinjer och arbetsordning för intern Ansvarskommitté i styrelsen. Stöd i Ansvarskommitténs prövningar av juridiska frågor.;Fast avgift per ägare;;;;0;Mikael Holtzberg;;;;;
Aktieägarskydd;Juridik;Aktieägaravtal;Ja;;Bas;Bas;Bas;;Stöd i juridiska frågor kring utveckling och efterlevnad av aktieägaravtal och Praktikertjänst affärskoncept.;Fast avgift per ägare;;;;0;Mikael Holtzberg;;;;;
Företagsgemensamt;Juridik;Koncernjuridik;Ja;;Bas;Bas;Bas;;Hantering av mer komplexa bolagsjuridiska och aktieägarfrågor på koncernnivå, inklusive biträde vid bolagstämmor etc. (bolagsadministration etc. ligger inom Ekonomi & Skatt.);Fast pris per månad;;;;0;Mikael Holtzberg;;;;;
Företagsgemensamt;Juridik;Proffesionsjuridik;Ja;;Bas;Bas;Bas;;Stöd och rådgivning i svårare verksamhetsspecifika juridiska frågeställningar som inte kan hanteras inom professionsansvaret eller respektive specialist/stab-funktion;Fast pris per månad;;;;0;Mikael Holtzberg;;;;;
Företagsgemensamt;Koncernekonomi;Koncernrapportering;Ja;;Bas;Bas;Bas;VD och styrelserapport;Ta fram månatlig rapport;Fast pris per månad;;;;0;Thomas Hallgren;;;;;
Företagsgemensamt;Koncernekonomi;Koncernrapportering;Ja;;Bas;Bas;Bas;Tertialbokslut;Ta fram rapport för såväl finansiellt utfall som för hur verksamheten utvecklas jämfört med fastställda Affärsplan;Fast pris per månad;;;;0;Thomas Hallgren;;;;;
Företagsgemensamt;Koncernekonomi;Koncernrapportering;Ja;;Bas;Bas;Bas;Årsbokslut;Ta fram rapport för såväl finansiellt utfall som för hur verksamheten utvecklas jämfört med fastställd Affärsplan;Fast pris per månad;;;;0;Thomas Hallgren;;;;;
Företagsgemensamt;Koncernekonomi;Business Controll;;;Bas;Bas;Bas;Affärsområdesrapport;Specifik rapportering utifrån AO:s behov, tas fram av resp controller;Fast pris per månad;;;;0;Kajsa Värna;;;;;
Företagsgemensamt;Koncernekonomi;Business Controll;;;Bas;Bas;Bas;Månadsrapport HKs KPIer;För återföring till tjänsteägare och KL;Fast pris per månad;;;;0;Kajsa Värna;;;;;
Företagsgemensamt;Koncernekonomi;Likviditetsplanering och kapitalförvaltning;Ja;;Bas;Bas;Bas;Likviditetsplanering och placering;Placering av tillgänliga likvida medel till högsta avkastning, givet placeringspolicyn;Finansiell finansiering;;;;0;Michael Craas;;;;;
Företagsgemensamt;Koncernekonomi;Likviditetsplanering och kapitalförvaltning;Ja;;Bas;Bas;Bas;Långsiktig kapitalförvaltning;Placering av tillgänliga likvida medel till högsta avkastning, givet placeringspolicyn;Finansiell finansiering;;;;0;Fredrik Ahlström;;;;;
Företagsgemensamt;Koncernekonomi;Likviditetsplanering och kapitalförvaltning;Ja;;Bas;Bas;Bas;Förvaltning pensionskapital;Förvaltning av kapital för ägarnas pension i Pensionsstiftelsen;Finansiell finansiering;;;;0;Fredrik Ahlström;;;;;
Företagsgemensamt;Koncernekonomi;Complience;Ja;;Bas;Bas;Bas;Hantera interna och externa regelverk;Framtagande och efterlevande av koncernövergripande E/F-policies samt bevaka förändringar i och efterlevnad av externa regelverk för finansiell verksamhet;Fast pris per månad;;;;0;Michael Craas;;;;;
Företagsgemensamt;Koncernekonomi;Internbokslut/aktievärdering PTJ aktien;Ja;;Bas;Bas;Bas;;Enligt faställda principer;Fast pris per månad;;;;0;Erik Grehn;;;;;
Företagsgemensamt;Koncernekonomi;Koncenens skattefrågor ;Ja;;Bas;Bas;Bas;Hantera 3:12 frågor;Bevakning, analys, hantering av förndringar inom 3:12 reglerna;Fast pris per månad;;;;0;;;;;;
Företagsgemensamt;Koncernekonomi;Koncenens skattefrågor ;Ja;;Bas;Bas;Bas;Hantera koncernens skattefrågor;Bevakning av nyheter. Hantera Skatterevisioner och driva skatteprocesserprocesser.;Fast pris per månad;;;;0;Erik Grehn;;;;;
;Praktikertservice;Koncenens skattefrågor ;Ja;;Bas;Bas;Bas;Hantera skattefrågor relaterat till praktiker; Stödja praktiker i skattefrågor i deras egenskap som ägare och praktikansvariga.;Fast pris per månad;;;;0;;;;;;
Företagsgemensamt;Koncernekonomi;Beräkning av pensionsskuld;Ja;;Bas;Bas;Bas;Analys och beräkning av åtaganden för ägarpensioner. ;Beräkning av pensionsskuld för säkerställande av framtida åtagande av utbetalningar och analys av konsolidering;Fast pris per månad;;;;0;Erik Grehn;;;;;
Företagsgemensamt;Kontorssupport;Växel och reception;;;Bas;Bas;Bas;;Bemannad växel och reception för besök och samtal till HK;Fast pris per månad;;;;0;Eric Lindström;;;;;
Företagsgemensamt;Kontorssupport;Kontorsservice;;;Bas;Bas;Bas;;Service och support till avdelningar/funktioner inom HK;Fast pris per månad;;;;0;Göran Flood;;;;;
Företagsgemensamt;Kvalitet&Miljö;Kvalitetsbokslut;;;Bas;Bas;Bas;;Bearbeta analysunderlag från kval-reg och samanställa ett centralt kvalitetsbokslut;Fast pris per månad;;;;0;Gunnar Ahlberg;;;;;
Företagsgemensamt;Kvalitet&Miljö;Forsknings- och utvecklingsfrågor;;;Bas;Bas;Bas;;Tillhandahålla info om forskningsbidrag, forskningsområdet, fond, samarbete t ex läkemedelsbolag, Universitet;Fast pris per månad;;;;0;Gunnar Ahlberg;;;;;
Affärsrådgivning;Kvalitet&Miljö;Patientnöjdhet;;;Plus;Plus;Plus;;Stöd till enheter i kundnöjdhetsfrämjande insatser (tex patientenkäter, servicehöjande insatser etc);Fast pris per timme;;;;0;Gunnar Ahlberg;;;;;
Affärsrådgivning;Kvalitet&Miljö;ISO-certifiering;;;Plus;Plus;Plus;;Stöd till enheter avseende certifiering inom ISO 14001, 9001, 45000 etc ;Fast pris per timme;;;;0;Gunnar Ahlberg;;;;;
Aktieägarskydd;Kvalitet&Miljö;Koncernövergripande kvalitetslediningsarbete;;;Bas;Bas;Bas;;Utveckla och förvalta ett PTJ övergripande  KLS enligt SOSFS 2011:9 samt stöd för att säkerställa att det implementeras i nya och befintliga verksamheter;Fast avgift per ägare;;;;0;Gunnar Ahlberg;;;;;
Aktieägarskydd;Kvalitet&Miljö;Koncernövergripande arbetsmiljöarbete;;;Bas;Bas;Bas;;Utveckla och förvalta ett PTJ övergripande  arbete för AFS systematiskt miljöarbete enligt AFS 2001:5 samt  stöd för att säkerställa att det implementeras i nya och befintliga verksamheter;Fast avgift per ägare;;;;0;Gunnar Ahlberg;;;;;
Aktieägarskydd;Kvalitet&Miljö;Intern revision - Kvalitetsdiplomering;;;Bas;Bas;Bas;;Genomgång av Kvalitetsledningssystem hos praktiker och säkerställa innehållet, kvalitetssäkra arbetet och utfärda diplom;Fast avgift per ägare;;;;0;Gunnar Ahlberg;;;;;
Aktieägarskydd;Kvalitet&Miljö;Intern revision - Kvalitetsdialog;;;Bas;Bas;Bas;;Besök i verksamheterna med syfte att säkerställa uppfyllnad av lägstanivå inom kvalitet, miljö, arbetsmiljö, strålskydd och patientsäkerhet (var 3:e år för alla 2100 verksamheter);Fast avgift per ägare;;;;0;Gunnar Ahlberg;;;;;
Aktieägarskydd;Kvalitet&Miljö;Kvalitetsrevision;;;Bas;Bas;Bas;;Stöd till enheter inför externa inspektioner/revisioner med hantering av frågor som följer av dessa (tex skriva svar, möten med myndigheter, legala frågor etc) inom områden som kvalitet, miljö, arbetsmiljö, strålskydd, patientsäkerhet, medicinska frågeställningar;Fast avgift per ägare;;;;0;Gunnar Ahlberg;;;;;
Aktieägarskydd;Kvalitet&Miljö;Miljösanering;;;Bas;Bas;Bas;;Miljösanering, avsättning till framtida sanering, inför nedläggning, överlåtelse, eget utköp (gäller TV);Fast avgift per ägare;;;;0;Gunnar Ahlberg;;;;;
Aktieägarskydd;Kvalitet&Miljö;Avikelsehantering ;;;Bas;Bas;Bas;;Hantering av händelser (avvikelser, olyckor, tillbud, riskobservationer och förbättringsförslag) inom arbetsmiljö, miljö och strålskyddstöd vid framtagande av händelseanalyser samt kommunikation med myndigheter;Fast avgift per ägare;;;;0;Gunnar Ahlberg;;;;;
Aktieägarskydd;Kvalitet&Miljö;Reklamationshantering;;;Bas;Bas;Bas;;Praktikertjänst Reklamationsnämnd;Fast avgift per ägare;;;;0;Gunnar Ahlberg;;;;;
Aktieägarskydd;Kvalitet&Miljö;Patientsäkerhet ;;;Bas;Bas;Bas;;Stöd vid framtagande av händelseanalyser samt kommunikation med myndigheter och övriga instanser( IVO, SSM, LV, SoS, patientnämnder och försäkringsbolag mfl) i samband med konstaterade incidenter;Fast avgift per ägare;;;;0;Gunnar Ahlberg;;;;;
Företagsgemensamt;Ledning och Styrning;Koncernstyrelse;;;Bas;Bas;Bas;Bolagstämma;Förbereda och genomföra bolagsstämma inkl stämmomiddag;Finansiell finansiering;;;;0;Urban Englund;;;;;
Företagsgemensamt;Ledning och Styrning;Koncernstyrelse;;;Bas;Bas;Bas;Styrelse;Förbereda och genomföra styrelsemöten;Finansiell finansiering;;;;0;Urban Englund;;;;;
Företagsgemensamt;Ledning och Styrning;Företagsledning;;;Bas;Bas;Bas;VD;Ansvarar för moderbolagets och koncernens löpande förvaltning ;Fast pris per månad;;;;0;Johan Fredriksson;;;;;
Företagsgemensamt;Ledning och Styrning;Företagsledning;;;Bas;Bas;Bas;Koncernledning;Förbereda och genomföra KL-möten;Fast pris per månad;;;;0;Johan Fredriksson;;;;;
Företagsgemensamt;Ledning och Styrning;Företagsledning;;;Bas;Bas;Bas;Strategi PTJ-koncernen;Utarbeta strategiplaner samt revidera dessa samt säkerställa implementering;Fast pris per månad;;;;0;Johan Fredriksson;;;;;
Företagsgemensamt;Ledning och Styrning;Projektkontor;;;Bas;Bas;Bas;;Skapa underlag för beslut i AP/Budget om projekt, månatlig uppföljning till VD/KL av projektens framdrift samt säkerställa kvalitet i ledning av projektportföljen.;Fast pris per månad;;;;0;Inger Olsson;;;;;
Affärsrådgivning;Lönsamhet;Analys avtalsvillkor;;;Bas;Bas;Plus;;Bevakning av ändrade avtalsvillkor, prismodeller etc inom vårdvalsverksamheter. Analys av lönsamhetspåverkan och metoder för att maximera lönsamheten givet dessa villkor ;Rörligt pris % på omsättning;;;;0;;;;;;
Affärsrådgivning;Lönsamhet;Effektivisering arbetsprocesser/flödesoptimering ;;;Plus;Plus;Plus;;Analys och implementeringsstöd för effektiva processer  i syfte att öka kvalitet och sänka kostnader;Fast pris per timme  med minimidebitering;;;;0;;;;;;
Affärsrådgivning;Lönsamhet;Lönsamhetsanalys;;;Plus;Plus;Plus;;Stöd till enheter med maximering av prissättning utan att tappa patienter genom konkurrentanalys, prisstrategi etc ;Fast pris per timme;;;;0;;;;;;
Affärsrådgivning;Strategi och affärplanering;ADDERA;;;;;Plus;;Verksamhetsutvecklingsprogram med ledarskapsutbildning, flödesoptipmering och processer för att skapa ett effektivt arbetssätt;Fast pris per månad;;;;0;Marianne Segers;;;;;
Affärsrådgivning;Strategi och affärplanering;ADDERA påbyggnad;;;;;Plus;;Löpande rådgivning/coachning;Fast pris per månad;;;;0;Marianne Segers;;;;;
Aktieägarskydd;Lönsamhet;Löpande verksamhetsuppföljning;;;Bas;Bas;Bas;;"Leda och samordna arbetet för samtliga driftenheter genom en löpande kontroll över deras ""total performance"" (tillväxt, lönsamhet, klinisk kvalitet, HR mm) med syfte att tidigt upptäcka enheter som utgör en risk för företaget i stort";Fast avgift per ägare;;;;0;Kajsa Värna;;;;;
Aktieägarskydd;Lönsamhet;Underskottshantering;;;Bas;Bas;Bas;;Kontinuerlig uppföljning och analys samt administration vid underskott i verksamhet;Fast avgift per ägare;;;;0;Kajsa Värna;;;;;
Aktieägarskydd;Marknad och kommunikation;Mediaträning;;;Bas;Bas;Bas;;Utbildning av chefer och medarbetare i hur man skall bemöta media och hantera intervjusituationer etc;Fast avgift per ägare;;;;0;Erik Magni;;;;;
Aktieägarskydd;Marknad och kommunikation;Mediarisker och kriser;;;Bas;Bas;Bas;;Hantering av konstaterade mediarisker/kriser;Fast avgift per ägare;;;;0;Erik Magni;;;;;
Företagsgemensamt;Marknad och kommunikation;Koncernkommunikation extern;;;Bas;Bas;Bas;Samhällskontakter;Politiker kontakter, ärendehantering, framtagande av budskap och material, lobbing, omvärldsbevakning, remisshantering;Fast pris per månad;;;;0;Sofia Myrevik;;;;;
Företagsgemensamt;Marknad och kommunikation;Koncernkommunikation extern;;;Bas;Bas;Bas;Press och PR;Pressjour, mediaträning, mediabevakning, placering av positiva nyheter, talskrivare;Fast pris per månad;;;;0;Sofia Myrevik;;;;;
Företagsgemensamt;Marknad och kommunikation;Koncernkommunikation extern;;;Bas;Bas;Bas;Marknadsföring;Grafisk profil, varumarkesplattform, framtagande av folder el liknande vid startup utskick, externa webbar, sociala medier, annonser och kampanjer, sponsring, CSR;Fast pris per månad;;;;0;Sofia Myrevik;;;;;
Företagsgemensamt;Marknad och kommunikation;Koncernkommunikation extern;;;Bas;Bas;Bas;Employerbranding;Annonser, rekryteringskvällar, deltar på mässor;Fast pris per månad;;;;0;Sofia Myrevik;;;;;
Företagsgemensamt;Marknad och kommunikation;Koncernkommunikation extern;;;Bas;Bas;Bas;Varumärke;Marknadsaktiviteter, VD-profilering externt;Fast pris per månad;;;;0;Sofia Myrevik;;;;;
Företagsgemensamt;Marknad och kommunikation;Koncernkommunikation intern;;;Bas;Bas;Bas;Internkommunikation;Interna projekt, medarbetarinfo, kurskatalog, VD brev till ledare;Fast pris per månad;;;;0;Stefan Hladlisch;;;;;
Företagsgemensamt;Marknad och kommunikation;Koncernkommunikation intern;;;Bas;Bas;Bas;Ägarkommunikation;VD rapport till styrelsen, Ägarmöten, årsredovisning, tertialkommunikation, nyhetsbrev;Fast pris per månad;;;;0;Stefan Hladlisch;;;;;
Praktikerservice;Marknad och kommunikation;Framtagande av internt tryckt material;;;Bas;Bas;Bas;;;Fast pris per månad;;;;0;Stefan Hladlisch;;;;;
Praktikerservice;Marknad och kommunikation;Rådgivning intern kommunikation;;;Bas;Bas;Bas;;;Fast pris per månad;;;;0;Stefan Hladlisch;;;;;
Praktikerservice;Marknadsföring;Annonsering;;;Plus;Plus;Plus;Marknadsföring av verskamheten via annnonsering ;;Fast pris per timme;;;;0;Sofia Myrevik;;;;;
Praktikerservice;Marknadsföring;Framtagande av material vid startup utskick;;;Bas;Bas;Bas;;;Fast pris per styck  ;;;;0;Sofia Myrevik;;;;;
Praktikerservice;Marknadsföring;Genomförande av kampanjer i Sociala medier;;;Plus;Plus;Plus;;;Fast pris per timme;;;;0;Sofia Myrevik;;;;;
Praktikerservice;Marknadsföring;Patient TV;;;Plus;Plus;Plus;Hjälp med framtagande av informationsslinga för patient TV på mottagningen;;Fast pris per timme;;;;0;Sofia Myrevik;;;;;
Praktikerservice;Marknadsföring;Rådgivning CSR;;;Plus;Plus;Plus;;;Fast pris per timme;;;;0;Sofia Myrevik;;;;;
Praktikerservice;Marknadsföring;Rådgivning Sponsring;;;Plus;Plus;Plus;;;Fast pris per timme;;;;0;Sofia Myrevik;;;;;
Praktikerservice;Marknadsföring;Uppstart Sociala medier;;;Plus;Plus;Plus;;;Fast pris per timme;;;;0;Sofia Myrevik;;;;;
Praktikerservice;Marknadsföring;Uppstart webplats;;;Plus;Plus;Plus;;;Fast pris per timme;;;;0;Sofia Myrevik;;;;;
Praktikerservice;Marknadsföring;Utbildning Webb;;;Plus;Plus;Plus;;;Fast pris per deltagare;;;;0;Sofia Myrevik;;;;;
Aktieägarskydd;Omvärld;Omvärldsbevakning;;;Bas;Bas;Bas;;Bevakning nya lagar och krav, nationella arbeten på SKL och Almega ;Fast avgift per ägare;;;;0;Johan Fredriksson;;;;;
Aktieägarskydd;Omvärld;Internrevision - Ekonomidialog;Ja;;Bas;Bas;Bas;;Förberedelser, urval, besök, rapportering, uppföjning av efterlevnad av redovisningsregler och policies;Fast avgift per ägare;;;;0;Birgitta Jacobsson;;;;;
Aktieägarskydd;Omvärld;Extern revision - Redovisning och förvaltning;Ja;;Bas;Bas;Bas;;Av externa revisorer (PwC) utförda besök i verksamheten som del av den totala externa revisionen av koncernen;Fast avgift per ägare;;;;0;Birgitta Jacobsson;;;;;
Aktieägarskydd;Omvärld;Remisssvar;;;Bas;Bas;Bas;;Ge expertutlåtande i svar på remitterade ärenden från statens offentliga utredninga, Sv Näringsliv och EU;Fast avgift per ägare;;;;0;Johan Fredriksson;;;;;
Praktikerservice;Press och PR;Krishantering;;;Bas;Bas;Bas;;;Fast pris per månad;;;;0;Erik Magni;;;;;
Praktikerservice;Press och PR;Medieträning  - enskild praktik;;;Bas;Bas;Bas;;;Fast pris per månad;;;;0;Erik Magni;;;;;
Praktikerservice;Press och PR;Praktikunik mediabevakning;;;Bas;Bas;Bas;;;Fast pris per månad;;;;0;Erik Magni;;;;;
Praktikerservice;Press och PR;Pressjour;;;Bas;Bas;Bas;;;Fast pris per månad;;;;0;Erik Magni;;;;;
Praktikerservice;Press och PR;Support Proaktiv PR;;;Bas;Bas;Bas;;;Fast pris per månad;;;;0;Erik Magni;;;;;
Praktikerservice;Press och PR;Support Reaktiv PR;;;Bas;Bas;Bas;;;Fast pris per månad;;;;0;Erik Magni;;;;;
Aktieägarskydd;Rapportering myndigheter;Lönekartläggning;Ja;;Bas;Bas;Bas;;Tar fram och sammanställer det material som efterfrågas av DO;Fast avgift per ägare;;;;0;Klas Wahlström;;;;;
Aktieägarskydd;Rapportering myndigheter;Kvalitetsregister;;;Bas;Bas;Bas;;Uppföljning av delatagande av kvalitetsregister samt faktisk kvalitet;Fast avgift per ägare;;;;0;Gunnar Ahlberg;;;;;
Aktieägarskydd;Rapportering myndigheter;Patientregister;;;Bas;Bas;Bas;;Uppföljningar av klagomål och anmälningar;Fast avgift per ägare;;;;0;Gunnar Ahlberg;;;;;
Aktieägarskydd;Rapportering myndigheter;Lagstadgad rapportering ;;;Bas;Bas;Bas;;Att tillhandahålla centrala lagstadgade rapportert ex central strålsäkerhetsberättelse eller central patientsäkerhetsberättelse;Fast avgift per ägare;;;;0;Gunnar Ahlberg;;;;;
Aktieägarskydd;Rapportering myndigheter;Kommunikation vid ärendehantering;;;Bas;Bas;Bas;;Kommunikation mellan Ptj och myndigheter, juridiska processer om de blir skarpare;Fast avgift per ägare;;;;0;Mikael Holtzberg;;;;;
Praktikerservice;Samhällskontakter;Framtagning av budskap och material;;;Bas;Bas;Bas;;;Fast pris per månad;;;;0;Erik Magni;;;;;
Praktikerservice;Samhällskontakter;Lobbying;;;Bas;Bas;Bas;;;Fast pris per månad;;;;0;Johan Stuart;;;;;
Praktikerservice;Samhällskontakter;Omvärldsbevakning;;;Bas;Bas;Bas;;;Fast pris per månad;;;;0;Johan Stuart;;;;;
Praktikerservice;Samhällskontakter;Support Issueshantering;;;Bas;Bas;Bas;;;Fast pris per månad;;;;0;Johan Stuart;;;;;
Praktikerservice;Samhällskontakter;Support Politikerkontakter;;;Bas;Bas;Bas;;;Fast pris per månad;;;;0;Johan Stuart;;;;;
Praktikerservice;Start/avslut journalsystem;Avsluta journalsystem HS;;;Plus;Plus;;;;Fast pris per timme;;;;0;Tomas Esping;Joen Hägglöf;;;;
Praktikerservice;Start/avslut journalsystem;Avsluta journalsystem TV;;;;;Plus;;;Fast pris per timme;;;;0;Tomas Esping;Joen Hägglöf;;;;
Praktikerservice;Start/avslut journalsystem;Byta journalsystem HS;;;Plus;Plus;;;;Fast pris per timme ;;;;0;Tomas Esping;Joen Hägglöf;;;;
Praktikerservice;Start/avslut journalsystem;Byta journalsystem TV;;;;;Plus;;;Fast pris per timme ;;;;0;Tomas Esping;Joen Hägglöf;;;;
Praktikerservice;Start/avslut journalsystem;Nyinstallation journalsystem HS;;;Plus;Plus;;;;Fast pris per timme ;;;;0;Tomas Esping;Joen Hägglöf;;;;
Praktikerservice;Start/avslut journalsystem;Nyinstallation journalsystem TV;;;;;Plus;;;Fast pris per timme ;;;;0;Tomas Esping;Joen Hägglöf;;;;
Affärsrådgivning;Strategi och affärplanering;Verksamhetsplanering;;;Plus;Plus;Plus;;Stöd till enheter vid framtagande av strategiplan;Fast pris per timme;;;;0;;;;;;
Affärsrådgivning;Strategi och affärplanering;Uppföljning och analys;;;Plus;Plus;Plus;;Stöd till enheter för deras egen uppföljning av strategi,affärsplan, budget samt därtill hörande mål/nyckeltal;Fast pris per timme;;;;0;;;;;;
Affärsrådgivning;Strategi och affärplanering;Affärsförhandlling;;;Plus;Plus;Plus;;Förhandla med beställare/kunder om generella affärsvillkor för våra verksamheter. Skapa bra villkor för vår affär genom deltagande i branschråd och andra affärsspecifika organisationer;Fast pris per timme;;;;0;;;;;;
Företagsgemensamt;Strategi och affärsplanering;Affärsplan och budget för koncernen;;;Bas;Bas;Bas;;Leda processen för framtagande av AP och budget för hela koncernen;Fast pris per timme;;;;0;Carina Olsson;;;;;
Praktikerservice;Support journalsystem;Journalsupport FRENDA;;;;;Plus;;;Fast pris per månad;;;;0;Tomas Esping;Joen Hägglöf;;;;
Praktikerservice;Support journalsystem;Journalsupport Opus;;;;;Plus;;;Fast pris per månad;;;;0;Tomas Esping;Joen Hägglöf;;;;
Praktikerservice;Telefoni;Beställa abonnemang;;;Plus;Plus;Plus;;;Fast pris per styck;;;;0;Tomas Esping;Joen Hägglöf;;;;
Praktikerservice;Telefoni;Beställa telefon;;;Plus;Plus;Plus;;;Fast pris per styck;;;;0;Tomas Esping;Joen Hägglöf;;;;
Praktikerservice;Telefoni;Support telefoni;;;Plus;Plus;Plus;;;Fast pris per månad;;;;0;Tomas Esping;Joen Hägglöf;;;;
Affärsrådgivning;Tillväxt;Förvärvsstöd;;;Plus;Plus;Plus;;Stöd till enheter med värdering, affärsmässig bedömning, upprättande av avtal mm för förvärvet;Fast pris per timme;;;;0;;;;;;
Affärsrådgivning;Tillväxt;Ökad patientstock;;;Plus;Plus;Plus;;Stöd till  enheter med aktiviteter för ökning av antal patienter ;Fast pris per timme;;;;0;;;;;;
Affärsrådgivning;Tillväxt;Anbud befintlig verksamhet ;;;Plus;Plus;Plus;;Stöd till befintliga enheter med att lägga anbud på befintlig eller ny verksamhet;Fast pris per timme;;;;0;;;;;;
Affärsrådgivning;Tillväxt;Anbud ny verksamhet ;;;Plus;Plus;Plus;;Stöd till nya enheter med anbud på befintlig t eller ny verksamhet;Fast pris per timme;;;;0;;;;;;
Affärsrådgivning;Tillväxt;Re-ackreditering;;;Plus;Plus;Plus;;Stöd vid re-ackreditering av befintlig verksamhet för befintliga enheter;Fast pris per timme;;;;0;;;;;;
Affärsrådgivning;Tillväxt;Ny ackreditering;;;Plus;Plus;Plus;;Stöd vid ackreditering av ny verksamhet för befintlig enhet som vill expandera;Fast pris per timme;;;;0;;;;;;
Affärsrådgivning;Tillväxt;Investeringsbedömning;;;Plus;Plus;Plus;;Genomfföra analys för att bedöma rimlighet i enheters investeringar samt ansvara för att ärenden behandlas i Kreditgruppen;Fast pris per timme;;;;0;;;;;;
Företagsgemensamt;Tillväxt;Affärsutveckling;;;Bas;Bas;Bas;Anbud och verksamhetsövergång;Projektleder anbudsprocesser i koncernen samt ansvarar kvalitet i övertagande av vunna verksamheter;Fast pris per månad;;;;0;Gunnar Ahlberg;;;;;
Företagsgemensamt;Tillväxt;Affärsutveckling;;;Bas;Bas;Bas;Förvärvar och Integrerar verksamhet;Marknadsanalys, förvärvsprocess, Due Dilligens, förhandling,Integrering av ny verksamhet;Fast pris per månad;;;;0;Gunnar Ahlberg;;;;;
Företagsgemensamt;Tillväxt;Affärsutveckling;;;Bas;Bas;Bas;Företagsförsäljning;Värdering, förhandling, försäljning;Fast pris per månad;;;;0;Gunnar Ahlberg;;;;;
Företagsgemensamt;Tillväxt;Affärsutveckling;;;Bas;Bas;Bas;"Uppstartar nya verksamheter ""Greenfield""";Marknadsanalys, utvärdering, rekrytering, integrering;Fast pris per månad;;;;0;Gunnar Ahlberg;;;;;
Företagsgemensamt;Tillväxt;Investeringskommitté;;;Bas;Bas;Bas;;Leda arbetet med IK, som föreberedelse inför större investeringsärenden/anbud som skall vidare till styrelsen för beslut;Fast pris per månad;;;;0;Carina Olsson;;;;;
Affärsrådgivning;Utbildning;Modernt Ledarskap;Ja;;Plus;Plus;Plus;;Fördjupad ledarskapsutbildning för chefer med några år på nacken (strategi/affärsplanering, marknadsföring, flödesoptimering, affärsekonomi, personligt ledarskap mm);Fast pris per deltagare;;;;0;Klas Wahlström;;;;;
Affärsrådgivning;Utbildning;Klinisk vidareutbildning Tandvård;Ja;;Plus;Plus;Plus;;Tandvårds kurskatalog;Fast pris per deltagare;;;;0;Klas Wahlström;;;;;
Affärsrådgivning;Utbildning;Klinisk vidareutbildning Hälso- och sjukvård;Ja;;Plus;Plus;Plus;;Hälslo- och sjukvårds kurskatalog;Fast pris per deltagare;;;;0;Klas Wahlström;;;;;
Aktieägarskydd;Utbildning;Grundläggande utbildning - lagar och förordningar samt PTJs polcies;Ja;;Bas;Bas;Bas;;Grundläggande utbildning - lagar och förordningar samt PTJs polcies inom kvalitet och miljö, ekononomi och redovisnig, arbetsrätt och arbetsmiljö, strålskydd samt informationssäkerhet;Fast avgift per ägare;;;;0;Klas Wahlström;;;;;
Praktikerservice;Utbildning journalsystem;Utbildning FRENDA;;;-;-;Plus;;;Pris per timme;;;;0;Tomas Esping;Joen Hägglöf;;;;
Praktikerservice;Utbildning journalsystem;Utbildning Opus;;;-;-;Plus;;;Pris per timme;;;;0;Tomas Esping;Joen Hägglöf;;;;
Praktikerservice;Utläggshantering;Eurocard;;;Bas;Bas;Bas;;;Fast pris per styck;;;;0;Tomas Esping;Erika Östlund;;;;
Praktikerservice;Utläggshantering;Reseräkning;;;Bas;Bas;Bas;;;Fast pris per styck;;;;0;Tomas Esping;Erika Östlund;;;;
Praktikerservice;Utläggshantering;Tilläggsdebitering  - Eurocard med privata inköp;;;Plus;Plus;Plus;;;Fast pris per styck;;;;0;Tomas Esping;Erika Östlund;;;;
Praktikerservice;Utläggshantering;Tilläggsdebitering  - Utgiftsdagbok med privata inköp;;;Plus;Plus;Plus;;;Fast pris per styck;;;;0;Tomas Esping;Erika Östlund;;;;
Praktikerservice;Utläggshantering;Utgiftsdagbok;;;Bas;Bas;Bas;;;Fast pris per styck;;;;0;Tomas Esping;Erika Östlund;;;;
Affärsrådgivning;Verksamhetstransaktioner;Uppstart av verksamhet;;;Plus;Plus;Plus;;Uppstartsstöd för  nya praktiker med ett paket av alla de tjänster som krävs för att starta en ny enhet (ackreditering, lokal, skyltning, marknadsföring, rekrytering personal, köp av aktier i PTJ, introduktionsprogram för ny chef mm).;Fast pris per timme;;;;0;;;;;;
Affärsrådgivning;Verksamhetstransaktioner;Överlåtelse av verksamhet;;;Plus;Plus;Plus;;Stöd vid avyttring av verksamhet med ett paket av tjänster som behövs för en bra överlåtelse, (succesionplan, hitta köpare, värdering, överlåtelseavtal, introduktionsprogram tillträdande praktiker, köp av aktier i PTJ mm);Fast pris per timme;;;;0;;;;;;
Affärsrådgivning;Verksamhetstransaktioner;Avveckling av verksamhet;;;Plus;Plus;Plus;;Stöd vid avveckling av verksamhet till följd av avtalsupphörande eller naturlig avgång genom pension eller upphörande av anställning. ;Fast pris per timme;;;;0;;;;;;
Aktieägarskydd;Verksamhetstransaktioner;Nedläggning av verksamhet;;;Bas;Bas;Bas;;Leda arbetet med att till Ansvarskommitté el VD ta fram underlag för beslut om nedläggning av enhet till följd av olönsamhet, kvalitetsbrister, arbetsrättsbrister, varumärkesrisker etc etc ;Fast avgift per ägare;;;;0;Kajsa Värna;;;;;
Praktikerservice;Juridik;Juridisk verksamhetsrådgivning ;Ja;;Plus;Plus;Plus;Allmän juridisk verksamhetsrådgivning;Allmän rådgivning avseende kostnadsställen vid verksamhetsspecifika frågor och myndighetsrelationer etc. som inte kan hanteras av övriga affärsområden och staber.;Fast pris per timme- minimidebitering;;1500;;0;Mikael Holtzberg;;;;;
Företagsgemensamt;Utbildning;Utbildning HK;Ja;;Bas;Bas;Bas;;Utbildning av personal på HK för att kunna ge bästa möljliga stöd;Fast avgift per månad;;;;0;Klas Wahlström;;;;;
